username,password,email,firstName,lastName,userpassword
extrovertgeometric,extrovertgeometric,extrovertgeometric@gamil.com,extrovertgeometric,extrovertgeometric,ZXh0cm92ZXJ0Z2VvbWV0cmljOmV4dHJvdmVydGdlb21ldHJpYw==
bufferimpulse,bufferimpulse,bufferimpulse@gamil.com,bufferimpulse,bufferimpulse,YnVmZmVyaW1wdWxzZTpidWZmZXJpbXB1bHNl
breezesamovar,breezesamovar,breezesamovar@gamil.com,breezesamovar,breezesamovar,YnJlZXplc2Ftb3ZhcjpicmVlemVzYW1vdmFy
betrayedtwinkle,betrayedtwinkle,betrayedtwinkle@gamil.com,betrayedtwinkle,betrayedtwinkle,YmV0cmF5ZWR0d2lua2xlOmJldHJheWVkdHdpbmtsZQ==
hannahbumble,hannahbumble,hannahbumble@gamil.com,hannahbumble,hannahbumble,aGFubmFoYnVtYmxlOmhhbm5haGJ1bWJsZQ==
declarepanders,declarepanders,declarepanders@gamil.com,declarepanders,declarepanders,ZGVjbGFyZXBhbmRlcnM6ZGVjbGFyZXBhbmRlcnM=
tartiessiphon,tartiessiphon,tartiessiphon@gamil.com,tartiessiphon,tartiessiphon,dGFydGllc3NpcGhvbjp0YXJ0aWVzc2lwaG9u
tracedrinks,tracedrinks,tracedrinks@gamil.com,tracedrinks,tracedrinks,dHJhY2Vkcmlua3M6dHJhY2Vkcmlua3M=
referencechopping,referencechopping,referencechopping@gamil.com,referencechopping,referencechopping,cmVmZXJlbmNlY2hvcHBpbmc6cmVmZXJlbmNlY2hvcHBpbmc=
bunsbyzone,bunsbyzone,bunsbyzone@gamil.com,bunsbyzone,bunsbyzone,YnVuc2J5em9uZTpidW5zYnl6b25l
causedteenytiny,causedteenytiny,causedteenytiny@gamil.com,causedteenytiny,causedteenytiny,Y2F1c2VkdGVlbnl0aW55OmNhdXNlZHRlZW55dGlueQ==
rockychance,rockychance,rockychance@gamil.com,rockychance,rockychance,cm9ja3ljaGFuY2U6cm9ja3ljaGFuY2U=
harrybartley,harrybartley,harrybartley@gamil.com,harrybartley,harrybartley,aGFycnliYXJ0bGV5OmhhcnJ5YmFydGxleQ==
unchangedquartile,unchangedquartile,unchangedquartile@gamil.com,unchangedquartile,unchangedquartile,dW5jaGFuZ2VkcXVhcnRpbGU6dW5jaGFuZ2VkcXVhcnRpbGU=
keepbonanza,keepbonanza,keepbonanza@gamil.com,keepbonanza,keepbonanza,a2VlcGJvbmFuemE6a2VlcGJvbmFuemE=
childrenindustrial,childrenindustrial,childrenindustrial@gamil.com,childrenindustrial,childrenindustrial,Y2hpbGRyZW5pbmR1c3RyaWFsOmNoaWxkcmVuaW5kdXN0cmlhbA==
unfoldshortbread,unfoldshortbread,unfoldshortbread@gamil.com,unfoldshortbread,unfoldshortbread,dW5mb2xkc2hvcnRicmVhZDp1bmZvbGRzaG9ydGJyZWFk
mimasblatantly,mimasblatantly,mimasblatantly@gamil.com,mimasblatantly,mimasblatantly,bWltYXNibGF0YW50bHk6bWltYXNibGF0YW50bHk=
readinglool,readinglool,readinglool@gamil.com,readinglool,readinglool,cmVhZGluZ2xvb2w6cmVhZGluZ2xvb2w=
sternatonable,sternatonable,sternatonable@gamil.com,sternatonable,sternatonable,c3Rlcm5hdG9uYWJsZTpzdGVybmF0b25hYmxl
engineerobscurity,engineerobscurity,engineerobscurity@gamil.com,engineerobscurity,engineerobscurity,ZW5naW5lZXJvYnNjdXJpdHk6ZW5naW5lZXJvYnNjdXJpdHk=
exteriorinvalid,exteriorinvalid,exteriorinvalid@gamil.com,exteriorinvalid,exteriorinvalid,ZXh0ZXJpb3JpbnZhbGlkOmV4dGVyaW9yaW52YWxpZA==
sessionsmokeless,sessionsmokeless,sessionsmokeless@gamil.com,sessionsmokeless,sessionsmokeless,c2Vzc2lvbnNtb2tlbGVzczpzZXNzaW9uc21va2VsZXNz
impoliteskipping,impoliteskipping,impoliteskipping@gamil.com,impoliteskipping,impoliteskipping,aW1wb2xpdGVza2lwcGluZzppbXBvbGl0ZXNraXBwaW5n
upanswering,upanswering,upanswering@gamil.com,upanswering,upanswering,dXBhbnN3ZXJpbmc6dXBhbnN3ZXJpbmc=
chlorineplugged,chlorineplugged,chlorineplugged@gamil.com,chlorineplugged,chlorineplugged,Y2hsb3JpbmVwbHVnZ2VkOmNobG9yaW5lcGx1Z2dlZA==
cheviottasks,cheviottasks,cheviottasks@gamil.com,cheviottasks,cheviottasks,Y2hldmlvdHRhc2tzOmNoZXZpb3R0YXNrcw==
absinthemagnolia,absinthemagnolia,absinthemagnolia@gamil.com,absinthemagnolia,absinthemagnolia,YWJzaW50aGVtYWdub2xpYTphYnNpbnRoZW1hZ25vbGlh
jukeboxniece,jukeboxniece,jukeboxniece@gamil.com,jukeboxniece,jukeboxniece,anVrZWJveG5pZWNlOmp1a2Vib3huaWVjZQ==
maternityhurt,maternityhurt,maternityhurt@gamil.com,maternityhurt,maternityhurt,bWF0ZXJuaXR5aHVydDptYXRlcm5pdHlodXJ0
appletbuttons,appletbuttons,appletbuttons@gamil.com,appletbuttons,appletbuttons,YXBwbGV0YnV0dG9uczphcHBsZXRidXR0b25z
roomwoodpecker,roomwoodpecker,roomwoodpecker@gamil.com,roomwoodpecker,roomwoodpecker,cm9vbXdvb2RwZWNrZXI6cm9vbXdvb2RwZWNrZXI=
paddledeadbeat,paddledeadbeat,paddledeadbeat@gamil.com,paddledeadbeat,paddledeadbeat,cGFkZGxlZGVhZGJlYXQ6cGFkZGxlZGVhZGJlYXQ=
resolutestraddle,resolutestraddle,resolutestraddle@gamil.com,resolutestraddle,resolutestraddle,cmVzb2x1dGVzdHJhZGRsZTpyZXNvbHV0ZXN0cmFkZGxl
doormanponcho,doormanponcho,doormanponcho@gamil.com,doormanponcho,doormanponcho,ZG9vcm1hbnBvbmNobzpkb29ybWFucG9uY2hv
pandagoldmine,pandagoldmine,pandagoldmine@gamil.com,pandagoldmine,pandagoldmine,cGFuZGFnb2xkbWluZTpwYW5kYWdvbGRtaW5l
skainsmateoblivious,skainsmateoblivious,skainsmateoblivious@gamil.com,skainsmateoblivious,skainsmateoblivious,c2thaW5zbWF0ZW9ibGl2aW91czpza2FpbnNtYXRlb2JsaXZpb3Vz
dragonstony,dragonstony,dragonstony@gamil.com,dragonstony,dragonstony,ZHJhZ29uc3Rvbnk6ZHJhZ29uc3Rvbnk=
prunephonics,prunephonics,prunephonics@gamil.com,prunephonics,prunephonics,cHJ1bmVwaG9uaWNzOnBydW5lcGhvbmljcw==
crackersdeveron,crackersdeveron,crackersdeveron@gamil.com,crackersdeveron,crackersdeveron,Y3JhY2tlcnNkZXZlcm9uOmNyYWNrZXJzZGV2ZXJvbg==
curseinverse,curseinverse,curseinverse@gamil.com,curseinverse,curseinverse,Y3Vyc2VpbnZlcnNlOmN1cnNlaW52ZXJzZQ==
inverianvieatrophy,inverianvieatrophy,inverianvieatrophy@gamil.com,inverianvieatrophy,inverianvieatrophy,aW52ZXJpYW52aWVhdHJvcGh5OmludmVyaWFudmllYXRyb3BoeQ==
wranglemerge,wranglemerge,wranglemerge@gamil.com,wranglemerge,wranglemerge,d3JhbmdsZW1lcmdlOndyYW5nbGVtZXJnZQ==
fogggold,fogggold,fogggold@gamil.com,fogggold,fogggold,Zm9nZ2dvbGQ6Zm9nZ2dvbGQ=
timeswedding,timeswedding,timeswedding@gamil.com,timeswedding,timeswedding,dGltZXN3ZWRkaW5nOnRpbWVzd2VkZGluZw==
dentalabsorbed,dentalabsorbed,dentalabsorbed@gamil.com,dentalabsorbed,dentalabsorbed,ZGVudGFsYWJzb3JiZWQ6ZGVudGFsYWJzb3JiZWQ=
pulpargue,pulpargue,pulpargue@gamil.com,pulpargue,pulpargue,cHVscGFyZ3VlOnB1bHBhcmd1ZQ==
pipermore,pipermore,pipermore@gamil.com,pipermore,pipermore,cGlwZXJtb3JlOnBpcGVybW9yZQ==
drunkconfess,drunkconfess,drunkconfess@gamil.com,drunkconfess,drunkconfess,ZHJ1bmtjb25mZXNzOmRydW5rY29uZmVzcw==
storagepayday,storagepayday,storagepayday@gamil.com,storagepayday,storagepayday,c3RvcmFnZXBheWRheTpzdG9yYWdlcGF5ZGF5
singerampere,singerampere,singerampere@gamil.com,singerampere,singerampere,c2luZ2VyYW1wZXJlOnNpbmdlcmFtcGVyZQ==
dealinggumdrop,dealinggumdrop,dealinggumdrop@gamil.com,dealinggumdrop,dealinggumdrop,ZGVhbGluZ2d1bWRyb3A6ZGVhbGluZ2d1bWRyb3A=
sleddingpayee,sleddingpayee,sleddingpayee@gamil.com,sleddingpayee,sleddingpayee,c2xlZGRpbmdwYXllZTpzbGVkZGluZ3BheWVl
busstopstanham,busstopstanham,busstopstanham@gamil.com,busstopstanham,busstopstanham,YnVzc3RvcHN0YW5oYW06YnVzc3RvcHN0YW5oYW0=
wicklukin,wicklukin,wicklukin@gamil.com,wicklukin,wicklukin,d2lja2x1a2luOndpY2tsdWtpbg==
semifinalamends,semifinalamends,semifinalamends@gamil.com,semifinalamends,semifinalamends,c2VtaWZpbmFsYW1lbmRzOnNlbWlmaW5hbGFtZW5kcw==
attitudeobsessive,attitudeobsessive,attitudeobsessive@gamil.com,attitudeobsessive,attitudeobsessive,YXR0aXR1ZGVvYnNlc3NpdmU6YXR0aXR1ZGVvYnNlc3NpdmU=
tyinghaunting,tyinghaunting,tyinghaunting@gamil.com,tyinghaunting,tyinghaunting,dHlpbmdoYXVudGluZzp0eWluZ2hhdW50aW5n
listenersgreas,listenersgreas,listenersgreas@gamil.com,listenersgreas,listenersgreas,bGlzdGVuZXJzZ3JlYXM6bGlzdGVuZXJzZ3JlYXM=
boastfultire,boastfultire,boastfultire@gamil.com,boastfultire,boastfultire,Ym9hc3RmdWx0aXJlOmJvYXN0ZnVsdGlyZQ==
agreedphantom,agreedphantom,agreedphantom@gamil.com,agreedphantom,agreedphantom,YWdyZWVkcGhhbnRvbTphZ3JlZWRwaGFudG9t
vestibulejess,vestibulejess,vestibulejess@gamil.com,vestibulejess,vestibulejess,dmVzdGlidWxlamVzczp2ZXN0aWJ1bGVqZXNz
samplecomputer,samplecomputer,samplecomputer@gamil.com,samplecomputer,samplecomputer,c2FtcGxlY29tcHV0ZXI6c2FtcGxlY29tcHV0ZXI=
adiosemotional,adiosemotional,adiosemotional@gamil.com,adiosemotional,adiosemotional,YWRpb3NlbW90aW9uYWw6YWRpb3NlbW90aW9uYWw=
murphygamekeeper,murphygamekeeper,murphygamekeeper@gamil.com,murphygamekeeper,murphygamekeeper,bXVycGh5Z2FtZWtlZXBlcjptdXJwaHlnYW1la2VlcGVy
victorioussift,victorioussift,victorioussift@gamil.com,victorioussift,victorioussift,dmljdG9yaW91c3NpZnQ6dmljdG9yaW91c3NpZnQ=
formulaschipping,formulaschipping,formulaschipping@gamil.com,formulaschipping,formulaschipping,Zm9ybXVsYXNjaGlwcGluZzpmb3JtdWxhc2NoaXBwaW5n
macabreemphasize,macabreemphasize,macabreemphasize@gamil.com,macabreemphasize,macabreemphasize,bWFjYWJyZWVtcGhhc2l6ZTptYWNhYnJlZW1waGFzaXpl
eccentriccovenant,eccentriccovenant,eccentriccovenant@gamil.com,eccentriccovenant,eccentriccovenant,ZWNjZW50cmljY292ZW5hbnQ6ZWNjZW50cmljY292ZW5hbnQ=
edgerighteous,edgerighteous,edgerighteous@gamil.com,edgerighteous,edgerighteous,ZWRnZXJpZ2h0ZW91czplZGdlcmlnaHRlb3Vz
obtainhiatal,obtainhiatal,obtainhiatal@gamil.com,obtainhiatal,obtainhiatal,b2J0YWluaGlhdGFsOm9idGFpbmhpYXRhbA==
gardenhacker,gardenhacker,gardenhacker@gamil.com,gardenhacker,gardenhacker,Z2FyZGVuaGFja2VyOmdhcmRlbmhhY2tlcg==
pulsaroutlying,pulsaroutlying,pulsaroutlying@gamil.com,pulsaroutlying,pulsaroutlying,cHVsc2Fyb3V0bHlpbmc6cHVsc2Fyb3V0bHlpbmc=
soperimprint,soperimprint,soperimprint@gamil.com,soperimprint,soperimprint,c29wZXJpbXByaW50OnNvcGVyaW1wcmludA==
decaleject,decaleject,decaleject@gamil.com,decaleject,decaleject,ZGVjYWxlamVjdDpkZWNhbGVqZWN0
busilycufflink,busilycufflink,busilycufflink@gamil.com,busilycufflink,busilycufflink,YnVzaWx5Y3VmZmxpbms6YnVzaWx5Y3VmZmxpbms=
servicesong,servicesong,servicesong@gamil.com,servicesong,servicesong,c2VydmljZXNvbmc6c2VydmljZXNvbmc=
seniorsake,seniorsake,seniorsake@gamil.com,seniorsake,seniorsake,c2VuaW9yc2FrZTpzZW5pb3JzYWtl
warbedvenues,warbedvenues,warbedvenues@gamil.com,warbedvenues,warbedvenues,d2FyYmVkdmVudWVzOndhcmJlZHZlbnVlcw==
commondaleflask,commondaleflask,commondaleflask@gamil.com,commondaleflask,commondaleflask,Y29tbW9uZGFsZWZsYXNrOmNvbW1vbmRhbGVmbGFzaw==
goshawkemail,goshawkemail,goshawkemail@gamil.com,goshawkemail,goshawkemail,Z29zaGF3a2VtYWlsOmdvc2hhd2tlbWFpbA==
deservingperjury,deservingperjury,deservingperjury@gamil.com,deservingperjury,deservingperjury,ZGVzZXJ2aW5ncGVyanVyeTpkZXNlcnZpbmdwZXJqdXJ5
utensilemission,utensilemission,utensilemission@gamil.com,utensilemission,utensilemission,dXRlbnNpbGVtaXNzaW9uOnV0ZW5zaWxlbWlzc2lvbg==
reveredsupplier,reveredsupplier,reveredsupplier@gamil.com,reveredsupplier,reveredsupplier,cmV2ZXJlZHN1cHBsaWVyOnJldmVyZWRzdXBwbGllcg==
wagerslightly,wagerslightly,wagerslightly@gamil.com,wagerslightly,wagerslightly,d2FnZXJzbGlnaHRseTp3YWdlcnNsaWdodGx5
excursionprominent,excursionprominent,excursionprominent@gamil.com,excursionprominent,excursionprominent,ZXhjdXJzaW9ucHJvbWluZW50OmV4Y3Vyc2lvbnByb21pbmVudA==
twitterpads,twitterpads,twitterpads@gamil.com,twitterpads,twitterpads,dHdpdHRlcnBhZHM6dHdpdHRlcnBhZHM=
mothproofduck,mothproofduck,mothproofduck@gamil.com,mothproofduck,mothproofduck,bW90aHByb29mZHVjazptb3RocHJvb2ZkdWNr
dressagetorro,dressagetorro,dressagetorro@gamil.com,dressagetorro,dressagetorro,ZHJlc3NhZ2V0b3JybzpkcmVzc2FnZXRvcnJv
domelikesilicon,domelikesilicon,domelikesilicon@gamil.com,domelikesilicon,domelikesilicon,ZG9tZWxpa2VzaWxpY29uOmRvbWVsaWtlc2lsaWNvbg==
seemedoatmeal,seemedoatmeal,seemedoatmeal@gamil.com,seemedoatmeal,seemedoatmeal,c2VlbWVkb2F0bWVhbDpzZWVtZWRvYXRtZWFs
instanthamster,instanthamster,instanthamster@gamil.com,instanthamster,instanthamster,aW5zdGFudGhhbXN0ZXI6aW5zdGFudGhhbXN0ZXI=
errandliz,errandliz,errandliz@gamil.com,errandliz,errandliz,ZXJyYW5kbGl6OmVycmFuZGxpeg==
dorritpopsicle,dorritpopsicle,dorritpopsicle@gamil.com,dorritpopsicle,dorritpopsicle,ZG9ycml0cG9wc2ljbGU6ZG9ycml0cG9wc2ljbGU=
discprecede,discprecede,discprecede@gamil.com,discprecede,discprecede,ZGlzY3ByZWNlZGU6ZGlzY3ByZWNlZGU=
earflapcurable,earflapcurable,earflapcurable@gamil.com,earflapcurable,earflapcurable,ZWFyZmxhcGN1cmFibGU6ZWFyZmxhcGN1cmFibGU=
aviatorthreadbare,aviatorthreadbare,aviatorthreadbare@gamil.com,aviatorthreadbare,aviatorthreadbare,YXZpYXRvcnRocmVhZGJhcmU6YXZpYXRvcnRocmVhZGJhcmU=
usingdoorknob,usingdoorknob,usingdoorknob@gamil.com,usingdoorknob,usingdoorknob,dXNpbmdkb29ya25vYjp1c2luZ2Rvb3Jrbm9i
flagrantvaried,flagrantvaried,flagrantvaried@gamil.com,flagrantvaried,flagrantvaried,ZmxhZ3JhbnR2YXJpZWQ6ZmxhZ3JhbnR2YXJpZWQ=
diveswaggering,diveswaggering,diveswaggering@gamil.com,diveswaggering,diveswaggering,ZGl2ZXN3YWdnZXJpbmc6ZGl2ZXN3YWdnZXJpbmc=
rooferfeisty,rooferfeisty,rooferfeisty@gamil.com,rooferfeisty,rooferfeisty,cm9vZmVyZmVpc3R5OnJvb2ZlcmZlaXN0eQ==
coltcrawn,coltcrawn,coltcrawn@gamil.com,coltcrawn,coltcrawn,Y29sdGNyYXduOmNvbHRjcmF3bg==
levelstate,levelstate,levelstate@gamil.com,levelstate,levelstate,bGV2ZWxzdGF0ZTpsZXZlbHN0YXRl
crawfishlouse,crawfishlouse,crawfishlouse@gamil.com,crawfishlouse,crawfishlouse,Y3Jhd2Zpc2hsb3VzZTpjcmF3ZmlzaGxvdXNl
aboverevise,aboverevise,aboverevise@gamil.com,aboverevise,aboverevise,YWJvdmVyZXZpc2U6YWJvdmVyZXZpc2U=
stumblinghelicopter,stumblinghelicopter,stumblinghelicopter@gamil.com,stumblinghelicopter,stumblinghelicopter,c3R1bWJsaW5naGVsaWNvcHRlcjpzdHVtYmxpbmdoZWxpY29wdGVy
servantonstage,servantonstage,servantonstage@gamil.com,servantonstage,servantonstage,c2VydmFudG9uc3RhZ2U6c2VydmFudG9uc3RhZ2U=
rounderindy,rounderindy,rounderindy@gamil.com,rounderindy,rounderindy,cm91bmRlcmluZHk6cm91bmRlcmluZHk=
hushedbuckinghamshire,hushedbuckinghamshire,hushedbuckinghamshire@gamil.com,hushedbuckinghamshire,hushedbuckinghamshire,aHVzaGVkYnVja2luZ2hhbXNoaXJlOmh1c2hlZGJ1Y2tpbmdoYW1zaGlyZQ==
procreateminibus,procreateminibus,procreateminibus@gamil.com,procreateminibus,procreateminibus,cHJvY3JlYXRlbWluaWJ1czpwcm9jcmVhdGVtaW5pYnVz
sunglassesflathead,sunglassesflathead,sunglassesflathead@gamil.com,sunglassesflathead,sunglassesflathead,c3VuZ2xhc3Nlc2ZsYXRoZWFkOnN1bmdsYXNzZXNmbGF0aGVhZA==
dancerranger,dancerranger,dancerranger@gamil.com,dancerranger,dancerranger,ZGFuY2VycmFuZ2VyOmRhbmNlcnJhbmdlcg==
sparkycabana,sparkycabana,sparkycabana@gamil.com,sparkycabana,sparkycabana,c3Bhcmt5Y2FiYW5hOnNwYXJreWNhYmFuYQ==
gusspelt,gusspelt,gusspelt@gamil.com,gusspelt,gusspelt,Z3Vzc3BlbHQ6Z3Vzc3BlbHQ=
marengomutually,marengomutually,marengomutually@gamil.com,marengomutually,marengomutually,bWFyZW5nb211dHVhbGx5Om1hcmVuZ29tdXR1YWxseQ==
meltedfockets,meltedfockets,meltedfockets@gamil.com,meltedfockets,meltedfockets,bWVsdGVkZm9ja2V0czptZWx0ZWRmb2NrZXRz
surveyregime,surveyregime,surveyregime@gamil.com,surveyregime,surveyregime,c3VydmV5cmVnaW1lOnN1cnZleXJlZ2ltZQ==
remicandy,remicandy,remicandy@gamil.com,remicandy,remicandy,cmVtaWNhbmR5OnJlbWljYW5keQ==
lankychemical,lankychemical,lankychemical@gamil.com,lankychemical,lankychemical,bGFua3ljaGVtaWNhbDpsYW5reWNoZW1pY2Fs
gustysteeping,gustysteeping,gustysteeping@gamil.com,gustysteeping,gustysteeping,Z3VzdHlzdGVlcGluZzpndXN0eXN0ZWVwaW5n
stunninginspector,stunninginspector,stunninginspector@gamil.com,stunninginspector,stunninginspector,c3R1bm5pbmdpbnNwZWN0b3I6c3R1bm5pbmdpbnNwZWN0b3I=
prebaxter,prebaxter,prebaxter@gamil.com,prebaxter,prebaxter,cHJlYmF4dGVyOnByZWJheHRlcg==
throatglorifier,throatglorifier,throatglorifier@gamil.com,throatglorifier,throatglorifier,dGhyb2F0Z2xvcmlmaWVyOnRocm9hdGdsb3JpZmllcg==
stonyreferable,stonyreferable,stonyreferable@gamil.com,stonyreferable,stonyreferable,c3RvbnlyZWZlcmFibGU6c3RvbnlyZWZlcmFibGU=
snittledolomite,snittledolomite,snittledolomite@gamil.com,snittledolomite,snittledolomite,c25pdHRsZWRvbG9taXRlOnNuaXR0bGVkb2xvbWl0ZQ==
stanhopecanal,stanhopecanal,stanhopecanal@gamil.com,stanhopecanal,stanhopecanal,c3RhbmhvcGVjYW5hbDpzdGFuaG9wZWNhbmFs
deepnessfancied,deepnessfancied,deepnessfancied@gamil.com,deepnessfancied,deepnessfancied,ZGVlcG5lc3NmYW5jaWVkOmRlZXBuZXNzZmFuY2llZA==
litchedbotty,litchedbotty,litchedbotty@gamil.com,litchedbotty,litchedbotty,bGl0Y2hlZGJvdHR5OmxpdGNoZWRib3R0eQ==
bapperohio,bapperohio,bapperohio@gamil.com,bapperohio,bapperohio,YmFwcGVyb2hpbzpiYXBwZXJvaGlv
spritsailpimming,spritsailpimming,spritsailpimming@gamil.com,spritsailpimming,spritsailpimming,c3ByaXRzYWlscGltbWluZzpzcHJpdHNhaWxwaW1taW5n
attitudepoints,attitudepoints,attitudepoints@gamil.com,attitudepoints,attitudepoints,YXR0aXR1ZGVwb2ludHM6YXR0aXR1ZGVwb2ludHM=
codeparty,codeparty,codeparty@gamil.com,codeparty,codeparty,Y29kZXBhcnR5OmNvZGVwYXJ0eQ==
extrasmallmacaroni,extrasmallmacaroni,extrasmallmacaroni@gamil.com,extrasmallmacaroni,extrasmallmacaroni,ZXh0cmFzbWFsbG1hY2Fyb25pOmV4dHJhc21hbGxtYWNhcm9uaQ==
wadriver,wadriver,wadriver@gamil.com,wadriver,wadriver,d2Fkcml2ZXI6d2Fkcml2ZXI=
dackdilk,dackdilk,dackdilk@gamil.com,dackdilk,dackdilk,ZGFja2RpbGs6ZGFja2RpbGs=
dartlemundane,dartlemundane,dartlemundane@gamil.com,dartlemundane,dartlemundane,ZGFydGxlbXVuZGFuZTpkYXJ0bGVtdW5kYW5l
gangwaybug,gangwaybug,gangwaybug@gamil.com,gangwaybug,gangwaybug,Z2FuZ3dheWJ1ZzpnYW5nd2F5YnVn
dittonweanling,dittonweanling,dittonweanling@gamil.com,dittonweanling,dittonweanling,ZGl0dG9ud2Vhbmxpbmc6ZGl0dG9ud2Vhbmxpbmc=
lingoleukemia,lingoleukemia,lingoleukemia@gamil.com,lingoleukemia,lingoleukemia,bGluZ29sZXVrZW1pYTpsaW5nb2xldWtlbWlh
pedaltwins,pedaltwins,pedaltwins@gamil.com,pedaltwins,pedaltwins,cGVkYWx0d2luczpwZWRhbHR3aW5z
kindlymistassini,kindlymistassini,kindlymistassini@gamil.com,kindlymistassini,kindlymistassini,a2luZGx5bWlzdGFzc2luaTpraW5kbHltaXN0YXNzaW5p
professionmutes,professionmutes,professionmutes@gamil.com,professionmutes,professionmutes,cHJvZmVzc2lvbm11dGVzOnByb2Zlc3Npb25tdXRlcw==
tayloroverkill,tayloroverkill,tayloroverkill@gamil.com,tayloroverkill,tayloroverkill,dGF5bG9yb3ZlcmtpbGw6dGF5bG9yb3ZlcmtpbGw=
belaysharing,belaysharing,belaysharing@gamil.com,belaysharing,belaysharing,YmVsYXlzaGFyaW5nOmJlbGF5c2hhcmluZw==
casticbagful,casticbagful,casticbagful@gamil.com,casticbagful,casticbagful,Y2FzdGljYmFnZnVsOmNhc3RpY2JhZ2Z1bA==
rosenchewy,rosenchewy,rosenchewy@gamil.com,rosenchewy,rosenchewy,cm9zZW5jaGV3eTpyb3NlbmNoZXd5
smilinglyrefrigerator,smilinglyrefrigerator,smilinglyrefrigerator@gamil.com,smilinglyrefrigerator,smilinglyrefrigerator,c21pbGluZ2x5cmVmcmlnZXJhdG9yOnNtaWxpbmdseXJlZnJpZ2VyYXRvcg==
redshiftseabiscuit,redshiftseabiscuit,redshiftseabiscuit@gamil.com,redshiftseabiscuit,redshiftseabiscuit,cmVkc2hpZnRzZWFiaXNjdWl0OnJlZHNoaWZ0c2VhYmlzY3VpdA==
sherbrooketwisted,sherbrooketwisted,sherbrooketwisted@gamil.com,sherbrooketwisted,sherbrooketwisted,c2hlcmJyb29rZXR3aXN0ZWQ6c2hlcmJyb29rZXR3aXN0ZWQ=
fartyfermented,fartyfermented,fartyfermented@gamil.com,fartyfermented,fartyfermented,ZmFydHlmZXJtZW50ZWQ6ZmFydHlmZXJtZW50ZWQ=
baritonestrode,baritonestrode,baritonestrode@gamil.com,baritonestrode,baritonestrode,YmFyaXRvbmVzdHJvZGU6YmFyaXRvbmVzdHJvZGU=
dateblooded,dateblooded,dateblooded@gamil.com,dateblooded,dateblooded,ZGF0ZWJsb29kZWQ6ZGF0ZWJsb29kZWQ=
objectivefishy,objectivefishy,objectivefishy@gamil.com,objectivefishy,objectivefishy,b2JqZWN0aXZlZmlzaHk6b2JqZWN0aXZlZmlzaHk=
defameupdate,defameupdate,defameupdate@gamil.com,defameupdate,defameupdate,ZGVmYW1ldXBkYXRlOmRlZmFtZXVwZGF0ZQ==
slimnodules,slimnodules,slimnodules@gamil.com,slimnodules,slimnodules,c2xpbW5vZHVsZXM6c2xpbW5vZHVsZXM=
nubblesoily,nubblesoily,nubblesoily@gamil.com,nubblesoily,nubblesoily,bnViYmxlc29pbHk6bnViYmxlc29pbHk=
smallacrid,smallacrid,smallacrid@gamil.com,smallacrid,smallacrid,c21hbGxhY3JpZDpzbWFsbGFjcmlk
devastatedgainfully,devastatedgainfully,devastatedgainfully@gamil.com,devastatedgainfully,devastatedgainfully,ZGV2YXN0YXRlZGdhaW5mdWxseTpkZXZhc3RhdGVkZ2FpbmZ1bGx5
rocketboron,rocketboron,rocketboron@gamil.com,rocketboron,rocketboron,cm9ja2V0Ym9yb246cm9ja2V0Ym9yb24=
integratorbedward,integratorbedward,integratorbedward@gamil.com,integratorbedward,integratorbedward,aW50ZWdyYXRvcmJlZHdhcmQ6aW50ZWdyYXRvcmJlZHdhcmQ=
bowlerconfined,bowlerconfined,bowlerconfined@gamil.com,bowlerconfined,bowlerconfined,Ym93bGVyY29uZmluZWQ6Ym93bGVyY29uZmluZWQ=
fleeplub,fleeplub,fleeplub@gamil.com,fleeplub,fleeplub,ZmxlZXBsdWI6ZmxlZXBsdWI=
cashierhappen,cashierhappen,cashierhappen@gamil.com,cashierhappen,cashierhappen,Y2FzaGllcmhhcHBlbjpjYXNoaWVyaGFwcGVu
radarsnitchey,radarsnitchey,radarsnitchey@gamil.com,radarsnitchey,radarsnitchey,cmFkYXJzbml0Y2hleTpyYWRhcnNuaXRjaGV5
creativemac,creativemac,creativemac@gamil.com,creativemac,creativemac,Y3JlYXRpdmVtYWM6Y3JlYXRpdmVtYWM=
headstandinitial,headstandinitial,headstandinitial@gamil.com,headstandinitial,headstandinitial,aGVhZHN0YW5kaW5pdGlhbDpoZWFkc3RhbmRpbml0aWFs
muschisabrina,muschisabrina,muschisabrina@gamil.com,muschisabrina,muschisabrina,bXVzY2hpc2FicmluYTptdXNjaGlzYWJyaW5h
salmoncatlike,salmoncatlike,salmoncatlike@gamil.com,salmoncatlike,salmoncatlike,c2FsbW9uY2F0bGlrZTpzYWxtb25jYXRsaWtl
qedcustom,qedcustom,qedcustom@gamil.com,qedcustom,qedcustom,cWVkY3VzdG9tOnFlZGN1c3RvbQ==
echoalgebra,echoalgebra,echoalgebra@gamil.com,echoalgebra,echoalgebra,ZWNob2FsZ2VicmE6ZWNob2FsZ2VicmE=
echojinned,echojinned,echojinned@gamil.com,echojinned,echojinned,ZWNob2ppbm5lZDplY2hvamlubmVk
chipperthinking,chipperthinking,chipperthinking@gamil.com,chipperthinking,chipperthinking,Y2hpcHBlcnRoaW5raW5nOmNoaXBwZXJ0aGlua2luZw==
magentalyon,magentalyon,magentalyon@gamil.com,magentalyon,magentalyon,bWFnZW50YWx5b246bWFnZW50YWx5b24=
difffrequent,difffrequent,difffrequent@gamil.com,difffrequent,difffrequent,ZGlmZmZyZXF1ZW50OmRpZmZmcmVxdWVudA==
skierjaundice,skierjaundice,skierjaundice@gamil.com,skierjaundice,skierjaundice,c2tpZXJqYXVuZGljZTpza2llcmphdW5kaWNl
altruisticheal,altruisticheal,altruisticheal@gamil.com,altruisticheal,altruisticheal,YWx0cnVpc3RpY2hlYWw6YWx0cnVpc3RpY2hlYWw=
sumardalelawyer,sumardalelawyer,sumardalelawyer@gamil.com,sumardalelawyer,sumardalelawyer,c3VtYXJkYWxlbGF3eWVyOnN1bWFyZGFsZWxhd3llcg==
stupiddisgusted,stupiddisgusted,stupiddisgusted@gamil.com,stupiddisgusted,stupiddisgusted,c3R1cGlkZGlzZ3VzdGVkOnN0dXBpZGRpc2d1c3RlZA==
gulliblekern,gulliblekern,gulliblekern@gamil.com,gulliblekern,gulliblekern,Z3VsbGlibGVrZXJuOmd1bGxpYmxla2Vybg==
unawareangle,unawareangle,unawareangle@gamil.com,unawareangle,unawareangle,dW5hd2FyZWFuZ2xlOnVuYXdhcmVhbmdsZQ==
bishopgoofball,bishopgoofball,bishopgoofball@gamil.com,bishopgoofball,bishopgoofball,YmlzaG9wZ29vZmJhbGw6YmlzaG9wZ29vZmJhbGw=
wakingengaging,wakingengaging,wakingengaging@gamil.com,wakingengaging,wakingengaging,d2FraW5nZW5nYWdpbmc6d2FraW5nZW5nYWdpbmc=
tweewanson,tweewanson,tweewanson@gamil.com,tweewanson,tweewanson,dHdlZXdhbnNvbjp0d2Vld2Fuc29u
crimdonpueblo,crimdonpueblo,crimdonpueblo@gamil.com,crimdonpueblo,crimdonpueblo,Y3JpbWRvbnB1ZWJsbzpjcmltZG9ucHVlYmxv
unthawedjelly,unthawedjelly,unthawedjelly@gamil.com,unthawedjelly,unthawedjelly,dW50aGF3ZWRqZWxseTp1bnRoYXdlZGplbGx5
authorlifter,authorlifter,authorlifter@gamil.com,authorlifter,authorlifter,YXV0aG9ybGlmdGVyOmF1dGhvcmxpZnRlcg==
quantucood,quantucood,quantucood@gamil.com,quantucood,quantucood,cXVhbnR1Y29vZDpxdWFudHVjb29k
wastefuldyno,wastefuldyno,wastefuldyno@gamil.com,wastefuldyno,wastefuldyno,d2FzdGVmdWxkeW5vOndhc3RlZnVsZHlubw==
tattycoramabruptly,tattycoramabruptly,tattycoramabruptly@gamil.com,tattycoramabruptly,tattycoramabruptly,dGF0dHljb3JhbWFicnVwdGx5OnRhdHR5Y29yYW1hYnJ1cHRseQ==
brockvillevalid,brockvillevalid,brockvillevalid@gamil.com,brockvillevalid,brockvillevalid,YnJvY2t2aWxsZXZhbGlkOmJyb2NrdmlsbGV2YWxpZA==
lumpingpitch,lumpingpitch,lumpingpitch@gamil.com,lumpingpitch,lumpingpitch,bHVtcGluZ3BpdGNoOmx1bXBpbmdwaXRjaA==
comabadass,comabadass,comabadass@gamil.com,comabadass,comabadass,Y29tYWJhZGFzczpjb21hYmFkYXNz
romeodirectly,romeodirectly,romeodirectly@gamil.com,romeodirectly,romeodirectly,cm9tZW9kaXJlY3RseTpyb21lb2RpcmVjdGx5
septicgear,septicgear,septicgear@gamil.com,septicgear,septicgear,c2VwdGljZ2VhcjpzZXB0aWNnZWFy
corrodingboastful,corrodingboastful,corrodingboastful@gamil.com,corrodingboastful,corrodingboastful,Y29ycm9kaW5nYm9hc3RmdWw6Y29ycm9kaW5nYm9hc3RmdWw=
topfluds,topfluds,topfluds@gamil.com,topfluds,topfluds,dG9wZmx1ZHM6dG9wZmx1ZHM=
kidneyssnooze,kidneyssnooze,kidneyssnooze@gamil.com,kidneyssnooze,kidneyssnooze,a2lkbmV5c3Nub296ZTpraWRuZXlzc25vb3pl
uniformlysag,uniformlysag,uniformlysag@gamil.com,uniformlysag,uniformlysag,dW5pZm9ybWx5c2FnOnVuaWZvcm1seXNhZw==
capeimmigrant,capeimmigrant,capeimmigrant@gamil.com,capeimmigrant,capeimmigrant,Y2FwZWltbWlncmFudDpjYXBlaW1taWdyYW50
surreyhalogens,surreyhalogens,surreyhalogens@gamil.com,surreyhalogens,surreyhalogens,c3VycmV5aGFsb2dlbnM6c3VycmV5aGFsb2dlbnM=
silicatecarnation,silicatecarnation,silicatecarnation@gamil.com,silicatecarnation,silicatecarnation,c2lsaWNhdGVjYXJuYXRpb246c2lsaWNhdGVjYXJuYXRpb24=
reviewviolins,reviewviolins,reviewviolins@gamil.com,reviewviolins,reviewviolins,cmV2aWV3dmlvbGluczpyZXZpZXd2aW9saW5z
leftoverseminar,leftoverseminar,leftoverseminar@gamil.com,leftoverseminar,leftoverseminar,bGVmdG92ZXJzZW1pbmFyOmxlZnRvdmVyc2VtaW5hcg==
untakenleo,untakenleo,untakenleo@gamil.com,untakenleo,untakenleo,dW50YWtlbmxlbzp1bnRha2VubGVv
russelsophi,russelsophi,russelsophi@gamil.com,russelsophi,russelsophi,cnVzc2Vsc29waGk6cnVzc2Vsc29waGk=
regularnewline,regularnewline,regularnewline@gamil.com,regularnewline,regularnewline,cmVndWxhcm5ld2xpbmU6cmVndWxhcm5ld2xpbmU=
charlottecat,charlottecat,charlottecat@gamil.com,charlottecat,charlottecat,Y2hhcmxvdHRlY2F0OmNoYXJsb3R0ZWNhdA==
dashboardbarker,dashboardbarker,dashboardbarker@gamil.com,dashboardbarker,dashboardbarker,ZGFzaGJvYXJkYmFya2VyOmRhc2hib2FyZGJhcmtlcg==
columnimplosive,columnimplosive,columnimplosive@gamil.com,columnimplosive,columnimplosive,Y29sdW1uaW1wbG9zaXZlOmNvbHVtbmltcGxvc2l2ZQ==
musseldeat,musseldeat,musseldeat@gamil.com,musseldeat,musseldeat,bXVzc2VsZGVhdDptdXNzZWxkZWF0
trollybarterer,trollybarterer,trollybarterer@gamil.com,trollybarterer,trollybarterer,dHJvbGx5YmFydGVyZXI6dHJvbGx5YmFydGVyZXI=
readymadejudge,readymadejudge,readymadejudge@gamil.com,readymadejudge,readymadejudge,cmVhZHltYWRlanVkZ2U6cmVhZHltYWRlanVkZ2U=
zealeverybody,zealeverybody,zealeverybody@gamil.com,zealeverybody,zealeverybody,emVhbGV2ZXJ5Ym9keTp6ZWFsZXZlcnlib2R5
ningertresillian,ningertresillian,ningertresillian@gamil.com,ningertresillian,ningertresillian,bmluZ2VydHJlc2lsbGlhbjpuaW5nZXJ0cmVzaWxsaWFu
sheyennequizzical,sheyennequizzical,sheyennequizzical@gamil.com,sheyennequizzical,sheyennequizzical,c2hleWVubmVxdWl6emljYWw6c2hleWVubmVxdWl6emljYWw=
causeschematic,causeschematic,causeschematic@gamil.com,causeschematic,causeschematic,Y2F1c2VzY2hlbWF0aWM6Y2F1c2VzY2hlbWF0aWM=
unstirredflee,unstirredflee,unstirredflee@gamil.com,unstirredflee,unstirredflee,dW5zdGlycmVkZmxlZTp1bnN0aXJyZWRmbGVl
shenanigantriple,shenanigantriple,shenanigantriple@gamil.com,shenanigantriple,shenanigantriple,c2hlbmFuaWdhbnRyaXBsZTpzaGVuYW5pZ2FudHJpcGxl
omegatartly,omegatartly,omegatartly@gamil.com,omegatartly,omegatartly,b21lZ2F0YXJ0bHk6b21lZ2F0YXJ0bHk=
overloadfocus,overloadfocus,overloadfocus@gamil.com,overloadfocus,overloadfocus,b3ZlcmxvYWRmb2N1czpvdmVybG9hZGZvY3Vz
faceplateruble,faceplateruble,faceplateruble@gamil.com,faceplateruble,faceplateruble,ZmFjZXBsYXRlcnVibGU6ZmFjZXBsYXRlcnVibGU=
boardstong,boardstong,boardstong@gamil.com,boardstong,boardstong,Ym9hcmRzdG9uZzpib2FyZHN0b25n
writherustproof,writherustproof,writherustproof@gamil.com,writherustproof,writherustproof,d3JpdGhlcnVzdHByb29mOndyaXRoZXJ1c3Rwcm9vZg==
puffinbalad,puffinbalad,puffinbalad@gamil.com,puffinbalad,puffinbalad,cHVmZmluYmFsYWQ6cHVmZmluYmFsYWQ=
shoppingbiotite,shoppingbiotite,shoppingbiotite@gamil.com,shoppingbiotite,shoppingbiotite,c2hvcHBpbmdiaW90aXRlOnNob3BwaW5nYmlvdGl0ZQ==
emphasisimmersion,emphasisimmersion,emphasisimmersion@gamil.com,emphasisimmersion,emphasisimmersion,ZW1waGFzaXNpbW1lcnNpb246ZW1waGFzaXNpbW1lcnNpb24=
deerrodden,deerrodden,deerrodden@gamil.com,deerrodden,deerrodden,ZGVlcnJvZGRlbjpkZWVycm9kZGVu
waltyshrike,waltyshrike,waltyshrike@gamil.com,waltyshrike,waltyshrike,d2FsdHlzaHJpa2U6d2FsdHlzaHJpa2U=
tahosonya,tahosonya,tahosonya@gamil.com,tahosonya,tahosonya,dGFob3NvbnlhOnRhaG9zb255YQ==
throwreception,throwreception,throwreception@gamil.com,throwreception,throwreception,dGhyb3dyZWNlcHRpb246dGhyb3dyZWNlcHRpb24=
accuracyfootpath,accuracyfootpath,accuracyfootpath@gamil.com,accuracyfootpath,accuracyfootpath,YWNjdXJhY3lmb290cGF0aDphY2N1cmFjeWZvb3RwYXRo
unplannedtrounce,unplannedtrounce,unplannedtrounce@gamil.com,unplannedtrounce,unplannedtrounce,dW5wbGFubmVkdHJvdW5jZTp1bnBsYW5uZWR0cm91bmNl
acidicboberts,acidicboberts,acidicboberts@gamil.com,acidicboberts,acidicboberts,YWNpZGljYm9iZXJ0czphY2lkaWNib2JlcnRz
celerydeepen,celerydeepen,celerydeepen@gamil.com,celerydeepen,celerydeepen,Y2VsZXJ5ZGVlcGVuOmNlbGVyeWRlZXBlbg==
graspsummer,graspsummer,graspsummer@gamil.com,graspsummer,graspsummer,Z3Jhc3BzdW1tZXI6Z3Jhc3BzdW1tZXI=
vastbarber,vastbarber,vastbarber@gamil.com,vastbarber,vastbarber,dmFzdGJhcmJlcjp2YXN0YmFyYmVy
tutuscooner,tutuscooner,tutuscooner@gamil.com,tutuscooner,tutuscooner,dHV0dXNjb29uZXI6dHV0dXNjb29uZXI=
returnsbelle,returnsbelle,returnsbelle@gamil.com,returnsbelle,returnsbelle,cmV0dXJuc2JlbGxlOnJldHVybnNiZWxsZQ==
peakutility,peakutility,peakutility@gamil.com,peakutility,peakutility,cGVha3V0aWxpdHk6cGVha3V0aWxpdHk=
recklessamendable,recklessamendable,recklessamendable@gamil.com,recklessamendable,recklessamendable,cmVja2xlc3NhbWVuZGFibGU6cmVja2xlc3NhbWVuZGFibGU=
reconvenecylinder,reconvenecylinder,reconvenecylinder@gamil.com,reconvenecylinder,reconvenecylinder,cmVjb252ZW5lY3lsaW5kZXI6cmVjb252ZW5lY3lsaW5kZXI=
volcanicaudition,volcanicaudition,volcanicaudition@gamil.com,volcanicaudition,volcanicaudition,dm9sY2FuaWNhdWRpdGlvbjp2b2xjYW5pY2F1ZGl0aW9u
aminochunky,aminochunky,aminochunky@gamil.com,aminochunky,aminochunky,YW1pbm9jaHVua3k6YW1pbm9jaHVua3k=
overgrownproclaim,overgrownproclaim,overgrownproclaim@gamil.com,overgrownproclaim,overgrownproclaim,b3Zlcmdyb3ducHJvY2xhaW06b3Zlcmdyb3ducHJvY2xhaW0=
hamletsbeese,hamletsbeese,hamletsbeese@gamil.com,hamletsbeese,hamletsbeese,aGFtbGV0c2JlZXNlOmhhbWxldHNiZWVzZQ==
arrogancesequence,arrogancesequence,arrogancesequence@gamil.com,arrogancesequence,arrogancesequence,YXJyb2dhbmNlc2VxdWVuY2U6YXJyb2dhbmNlc2VxdWVuY2U=
versegrades,versegrades,versegrades@gamil.com,versegrades,versegrades,dmVyc2VncmFkZXM6dmVyc2VncmFkZXM=
criticizeshifter,criticizeshifter,criticizeshifter@gamil.com,criticizeshifter,criticizeshifter,Y3JpdGljaXplc2hpZnRlcjpjcml0aWNpemVzaGlmdGVy
baileysupply,baileysupply,baileysupply@gamil.com,baileysupply,baileysupply,YmFpbGV5c3VwcGx5OmJhaWxleXN1cHBseQ==
whitingminds,whitingminds,whitingminds@gamil.com,whitingminds,whitingminds,d2hpdGluZ21pbmRzOndoaXRpbmdtaW5kcw==
harrydisco,harrydisco,harrydisco@gamil.com,harrydisco,harrydisco,aGFycnlkaXNjbzpoYXJyeWRpc2Nv
aliasalkane,aliasalkane,aliasalkane@gamil.com,aliasalkane,aliasalkane,YWxpYXNhbGthbmU6YWxpYXNhbGthbmU=
venogramintegral,venogramintegral,venogramintegral@gamil.com,venogramintegral,venogramintegral,dmVub2dyYW1pbnRlZ3JhbDp2ZW5vZ3JhbWludGVncmFs
mouthguardgaming,mouthguardgaming,mouthguardgaming@gamil.com,mouthguardgaming,mouthguardgaming,bW91dGhndWFyZGdhbWluZzptb3V0aGd1YXJkZ2FtaW5n
drumwired,drumwired,drumwired@gamil.com,drumwired,drumwired,ZHJ1bXdpcmVkOmRydW13aXJlZA==
brightimpartial,brightimpartial,brightimpartial@gamil.com,brightimpartial,brightimpartial,YnJpZ2h0aW1wYXJ0aWFsOmJyaWdodGltcGFydGlhbA==
grokechilders,grokechilders,grokechilders@gamil.com,grokechilders,grokechilders,Z3Jva2VjaGlsZGVyczpncm9rZWNoaWxkZXJz
complexpoisonous,complexpoisonous,complexpoisonous@gamil.com,complexpoisonous,complexpoisonous,Y29tcGxleHBvaXNvbm91czpjb21wbGV4cG9pc29ub3Vz
besmirchboaz,besmirchboaz,besmirchboaz@gamil.com,besmirchboaz,besmirchboaz,YmVzbWlyY2hib2F6OmJlc21pcmNoYm9heg==
sulfurclywedog,sulfurclywedog,sulfurclywedog@gamil.com,sulfurclywedog,sulfurclywedog,c3VsZnVyY2x5d2Vkb2c6c3VsZnVyY2x5d2Vkb2c=
iberianshirt,iberianshirt,iberianshirt@gamil.com,iberianshirt,iberianshirt,aWJlcmlhbnNoaXJ0OmliZXJpYW5zaGlydA==
cramptepid,cramptepid,cramptepid@gamil.com,cramptepid,cramptepid,Y3JhbXB0ZXBpZDpjcmFtcHRlcGlk
ankleswhipper,ankleswhipper,ankleswhipper@gamil.com,ankleswhipper,ankleswhipper,YW5rbGVzd2hpcHBlcjphbmtsZXN3aGlwcGVy
drippingrawchicken,drippingrawchicken,drippingrawchicken@gamil.com,drippingrawchicken,drippingrawchicken,ZHJpcHBpbmdyYXdjaGlja2VuOmRyaXBwaW5ncmF3Y2hpY2tlbg==
coinedchamb,coinedchamb,coinedchamb@gamil.com,coinedchamb,coinedchamb,Y29pbmVkY2hhbWI6Y29pbmVkY2hhbWI=
poutingporter,poutingporter,poutingporter@gamil.com,poutingporter,poutingporter,cG91dGluZ3BvcnRlcjpwb3V0aW5ncG9ydGVy
leadprize,leadprize,leadprize@gamil.com,leadprize,leadprize,bGVhZHByaXplOmxlYWRwcml6ZQ==
luteelliptical,luteelliptical,luteelliptical@gamil.com,luteelliptical,luteelliptical,bHV0ZWVsbGlwdGljYWw6bHV0ZWVsbGlwdGljYWw=
pumpkinacrobat,pumpkinacrobat,pumpkinacrobat@gamil.com,pumpkinacrobat,pumpkinacrobat,cHVtcGtpbmFjcm9iYXQ6cHVtcGtpbmFjcm9iYXQ=
emissionwhitendale,emissionwhitendale,emissionwhitendale@gamil.com,emissionwhitendale,emissionwhitendale,ZW1pc3Npb253aGl0ZW5kYWxlOmVtaXNzaW9ud2hpdGVuZGFsZQ==
giftshoppasserby,giftshoppasserby,giftshoppasserby@gamil.com,giftshoppasserby,giftshoppasserby,Z2lmdHNob3BwYXNzZXJieTpnaWZ0c2hvcHBhc3NlcmJ5
guaranteespedding,guaranteespedding,guaranteespedding@gamil.com,guaranteespedding,guaranteespedding,Z3VhcmFudGVlc3BlZGRpbmc6Z3VhcmFudGVlc3BlZGRpbmc=
nunchyjessie,nunchyjessie,nunchyjessie@gamil.com,nunchyjessie,nunchyjessie,bnVuY2h5amVzc2llOm51bmNoeWplc3NpZQ==
madridslackbridge,madridslackbridge,madridslackbridge@gamil.com,madridslackbridge,madridslackbridge,bWFkcmlkc2xhY2ticmlkZ2U6bWFkcmlkc2xhY2ticmlkZ2U=
bullfinchezone,bullfinchezone,bullfinchezone@gamil.com,bullfinchezone,bullfinchezone,YnVsbGZpbmNoZXpvbmU6YnVsbGZpbmNoZXpvbmU=
pegboardsnuggly,pegboardsnuggly,pegboardsnuggly@gamil.com,pegboardsnuggly,pegboardsnuggly,cGVnYm9hcmRzbnVnZ2x5OnBlZ2JvYXJkc251Z2dseQ==
portholedetail,portholedetail,portholedetail@gamil.com,portholedetail,portholedetail,cG9ydGhvbGVkZXRhaWw6cG9ydGhvbGVkZXRhaWw=
parrotguaranteed,parrotguaranteed,parrotguaranteed@gamil.com,parrotguaranteed,parrotguaranteed,cGFycm90Z3VhcmFudGVlZDpwYXJyb3RndWFyYW50ZWVk
ellalexy,ellalexy,ellalexy@gamil.com,ellalexy,ellalexy,ZWxsYWxleHk6ZWxsYWxleHk=
bivyludicrous,bivyludicrous,bivyludicrous@gamil.com,bivyludicrous,bivyludicrous,Yml2eWx1ZGljcm91czpiaXZ5bHVkaWNyb3Vz
disneytantrum,disneytantrum,disneytantrum@gamil.com,disneytantrum,disneytantrum,ZGlzbmV5dGFudHJ1bTpkaXNuZXl0YW50cnVt
tuilesable,tuilesable,tuilesable@gamil.com,tuilesable,tuilesable,dHVpbGVzYWJsZTp0dWlsZXNhYmxl
reflectoranywhere,reflectoranywhere,reflectoranywhere@gamil.com,reflectoranywhere,reflectoranywhere,cmVmbGVjdG9yYW55d2hlcmU6cmVmbGVjdG9yYW55d2hlcmU=
bluecold,bluecold,bluecold@gamil.com,bluecold,bluecold,Ymx1ZWNvbGQ6Ymx1ZWNvbGQ=
seaspottletoe,seaspottletoe,seaspottletoe@gamil.com,seaspottletoe,seaspottletoe,c2Vhc3BvdHRsZXRvZTpzZWFzcG90dGxldG9l
clarifyshrubs,clarifyshrubs,clarifyshrubs@gamil.com,clarifyshrubs,clarifyshrubs,Y2xhcmlmeXNocnViczpjbGFyaWZ5c2hydWJz
blocksdynamite,blocksdynamite,blocksdynamite@gamil.com,blocksdynamite,blocksdynamite,YmxvY2tzZHluYW1pdGU6YmxvY2tzZHluYW1pdGU=
theoremtindows,theoremtindows,theoremtindows@gamil.com,theoremtindows,theoremtindows,dGhlb3JlbXRpbmRvd3M6dGhlb3JlbXRpbmRvd3M=
gesturesymptom,gesturesymptom,gesturesymptom@gamil.com,gesturesymptom,gesturesymptom,Z2VzdHVyZXN5bXB0b206Z2VzdHVyZXN5bXB0b20=
commentavatar,commentavatar,commentavatar@gamil.com,commentavatar,commentavatar,Y29tbWVudGF2YXRhcjpjb21tZW50YXZhdGFy
mimbingsmike,mimbingsmike,mimbingsmike@gamil.com,mimbingsmike,mimbingsmike,bWltYmluZ3NtaWtlOm1pbWJpbmdzbWlrZQ==
levitatemonktonmead,levitatemonktonmead,levitatemonktonmead@gamil.com,levitatemonktonmead,levitatemonktonmead,bGV2aXRhdGVtb25rdG9ubWVhZDpsZXZpdGF0ZW1vbmt0b25tZWFk
mockupnottinghamshire,mockupnottinghamshire,mockupnottinghamshire@gamil.com,mockupnottinghamshire,mockupnottinghamshire,bW9ja3Vwbm90dGluZ2hhbXNoaXJlOm1vY2t1cG5vdHRpbmdoYW1zaGlyZQ==
cycloiderased,cycloiderased,cycloiderased@gamil.com,cycloiderased,cycloiderased,Y3ljbG9pZGVyYXNlZDpjeWNsb2lkZXJhc2Vk
waysencrust,waysencrust,waysencrust@gamil.com,waysencrust,waysencrust,d2F5c2VuY3J1c3Q6d2F5c2VuY3J1c3Q=
jinxknelt,jinxknelt,jinxknelt@gamil.com,jinxknelt,jinxknelt,amlueGtuZWx0OmppbnhrbmVsdA==
leaguecesarean,leaguecesarean,leaguecesarean@gamil.com,leaguecesarean,leaguecesarean,bGVhZ3VlY2VzYXJlYW46bGVhZ3VlY2VzYXJlYW4=
abstractgrass,abstractgrass,abstractgrass@gamil.com,abstractgrass,abstractgrass,YWJzdHJhY3RncmFzczphYnN0cmFjdGdyYXNz
headstonelardy,headstonelardy,headstonelardy@gamil.com,headstonelardy,headstonelardy,aGVhZHN0b25lbGFyZHk6aGVhZHN0b25lbGFyZHk=
vivacioussnout,vivacioussnout,vivacioussnout@gamil.com,vivacioussnout,vivacioussnout,dml2YWNpb3Vzc25vdXQ6dml2YWNpb3Vzc25vdXQ=
